Table with row headers in column A and column headers in rows 9 through 11,Unnamed: 1,Unnamed: 2,Unnamed: 3,Unnamed: 4,Unnamed: 5,Unnamed: 6,Unnamed: 7,Unnamed: 8,Unnamed: 9,Unnamed: 10,Unnamed: 11,Unnamed: 12,Unnamed: 13,Unnamed: 14,Unnamed: 15,Unnamed: 16,Unnamed: 17,Unnamed: 18,Unnamed: 19,Unnamed: 20,Unnamed: 21
"FINC-02. Age of Reference Person, by Total Money Income in 2015, Type of Family, Race and Hispanic Origin of Reference Person.",,,,,,,,,,,,,,,,,,,,,
"For information on confidentiality protection, sampling error, nonsampling error, and definitions, see www2.census.gov/programs-surveys/cps/techdocs/cpsmar16.pdf",,,,,,,,,,,,,,,,,,,,,
"Source: U.S. Census Bureau, Current Population Survey, 2016 Annual Social and Economic Supplement.",,,,,,,,,,,,,,,,,,,,,
"(Numbers in thousands. Families as of March of the following year. A.O.I.C. stands for alone or in combination. Median income is calculated using $2,500 income intervals.",,,,,,,,,,,,,,,,,,,,,
"The Gini index is calculated using micro-sorted data.  Medians falling in the upper open-ended interval are plugged with $250,000.  Standard errors calculated using replicate weights)",,,,,,,,,,,,,,,,,,,,,
All Primary Families,,,,,,,,,,,,,,,,,,,,,
All Races,,,,,,,,,,,,,,,,,,,,,
Characteristic,Total,Under 65 years,,,,,,,,,,,,,,65 years and over,,,,,Mean age
,,Total Under 65 years,15 to 24 years,25 to 34 years,,,35 to 44 years,,,45 to 54 years,,,55 to 64 years,,,Total 65 years and over,65 to 74 years,,,75 years and over,
,,,,Total,25 to 29 years,30 to 34 years,Total,35 to 39 years,40 to 44 years,Total,c12,50 to 54 years,Total,55 to 59 years,60 to 64 years,,Total,65 to 69 years,70 to 74 years,,
....Total,"82,199","65,602","3,187","12,911","5,357","7,554","16,915","8,476","8,440","17,093","8,494","8,599","15,496","8,431","7,065","16,597","10,533","6,354","4,179","6,064",49.8
"Under $5,000","2,083","1,855",284,561,262,299,432,242,191,316,162,155,261,110,150,229,156,99,57,73,42.0
"$5,000 to  $9,999","1,576","1,403",184,396,196,200,349,170,179,254,139,115,220,107,113,172,92,61,31,80,43.0
"$10,000 to $14,999","2,248","1,767",197,469,225,244,450,223,228,340,175,165,311,163,148,481,263,157,105,218,47.5
"$15,000 to $19,999","2,816","2,160",179,556,260,296,558,293,265,422,218,205,444,208,236,655,326,188,138,330,49.2
"$20,000 to $24,999","3,376","2,469",195,682,316,365,673,366,308,466,235,231,453,209,244,907,521,306,215,385,49.7
"$25,000 to $29,999","3,599","2,509",232,670,307,363,606,338,267,478,259,219,524,252,271,"1,090",581,321,260,509,51.2
"$30,000 to $34,999","3,596","2,580",225,664,301,363,649,334,315,535,279,255,508,247,262,"1,016",514,256,258,501,50.8
"$35,000 to $39,999","3,455","2,474",159,655,324,332,580,304,276,623,319,304,457,223,234,981,570,278,291,411,51.0
"$40,000 to $44,999","3,265","2,425",175,569,274,294,620,339,281,523,278,245,538,257,281,840,423,255,168,418,50.7
"$45,000 to $49,999","3,156","2,268",149,517,218,299,536,276,260,527,276,251,538,296,242,888,515,270,245,373,51.7
"$50,000 to $54,999","3,255","2,500",129,531,214,316,606,297,309,635,308,327,599,309,291,755,428,265,163,326,50.8
"$55,000 to $59,999","2,766","2,103",122,440,184,256,533,262,272,519,261,258,488,292,196,663,425,227,198,238,50.5
"$60,000 to $64,999","2,890","2,226",113,474,184,290,553,285,268,581,277,304,505,251,254,664,422,270,152,243,50.4
"$65,000 to $69,999","2,583","2,044",89,399,150,249,495,252,243,572,289,283,490,256,233,539,345,201,143,194,50.2
"$70,000 to $74,999","2,687","2,134",110,395,135,260,580,291,289,554,276,278,496,275,221,553,364,238,125,190,49.8
"$75,000 to $79,999","2,717","2,234",76,441,188,253,585,282,303,568,256,313,563,294,270,483,335,202,134,147,49.6
"$80,000 to $84,999","2,448","1,958",55,386,160,226,513,273,240,562,260,302,443,254,189,489,338,224,114,151,50.0
"$85,000 to $89,999","2,214","1,839",59,355,172,183,478,232,245,471,250,221,476,246,230,375,252,156,96,123,49.4
"$90,000 to $94,999","2,177","1,738",55,363,148,215,381,166,216,480,252,227,458,230,228,439,282,160,121,157,50.6
"$95,000 to $99,999","1,871","1,516",46,291,111,179,470,261,209,375,174,201,335,193,141,355,262,149,113,93,49.2
"$100,000 to $104,999","2,098","1,761",35,322,124,197,506,276,231,459,240,219,438,264,174,337,261,177,83,77,49.0
"$105,000 to $109,999","1,830","1,557",25,246,89,157,431,193,238,480,228,252,374,254,120,273,221,142,79,52,49.2
"$110,000 to $114,999","1,764","1,449",24,240,81,160,389,191,198,405,221,184,390,219,172,315,226,133,93,89,50.4
"$115,000 to $119,999","1,458","1,208",12,163,62,102,363,180,182,324,161,163,347,212,135,250,181,126,55,69,50.6
"$120,000 to $124,999","1,579","1,384",26,181,67,114,398,205,194,424,208,216,355,197,158,195,154,94,60,41,49.1
"$125,000 to $129,999","1,334","1,121",26,180,60,120,281,133,147,350,160,190,284,140,144,213,164,109,55,49,50.0
"$130,000 to $134,999","1,210","1,019",16,167,49,118,264,107,157,294,123,171,278,158,120,191,126,75,51,65,50.5
"$135,000 to $139,999","1,184",993,11,161,45,116,241,128,113,312,153,158,269,148,121,191,148,100,48,42,50.3
"$140,000 to $144,999","1,017",865,13,124,39,84,230,101,129,276,164,112,222,132,90,153,123,88,35,30,50.0
"$145,000 to $149,999",902,779,14,110,34,76,225,92,132,222,105,117,209,126,83,123,107,68,39,16,49.5
"$150,000 to $154,999","1,070",933,12,152,51,101,256,113,142,318,154,164,196,121,75,137,109,71,38,29,48.7
"$155,000 to $159,999",825,709,7,79,22,57,197,90,106,258,134,124,169,68,100,116,93,62,31,23,50.3
"$160,000 to $164,999",849,754,13,102,37,66,216,106,110,249,123,126,173,121,53,95,68,44,24,27,48.5
"$165,000 to $169,999",605,530,10,75,31,44,115,62,53,173,73,100,156,91,66,75,57,39,18,18,49.9
"$170,000 to $174,999",690,588,15,59,27,32,134,73,62,203,78,125,176,109,67,102,84,52,32,18,50.9
"$175,000 to $179,999",586,501,10,45,6,39,139,68,71,163,95,68,144,77,67,85,74,49,25,11,50.4
"$180,000 to $184,999",593,505,8,54,21,33,120,61,60,183,94,89,139,89,50,87,67,36,31,21,50.8
"$185,000 to $189,999",434,385,5,62,11,51,78,33,46,121,56,65,120,91,28,48,39,24,15,9,49.7
"$190,000 to $194,999",486,428,5,51,25,26,147,72,76,119,50,69,106,50,56,58,49,36,14,9,49.0
"$195,000 to $199,999",348,298,2,23,6,16,78,38,40,87,40,46,108,65,43,50,42,26,16,7,52.0
"$200,000 and over","6,561","5,633",66,505,141,364,"1,459",668,791,"1,869",889,980,"1,734","1,028",706,928,727,520,207,201,51.1
Median income (dollars),"70,697","74,654","37,759","56,775","49,881","62,086","76,780","74,254","79,340","85,748","84,527","87,225","83,813","89,205","77,227","57,360","65,387","70,495","59,034","46,322",(X)
..Standard error (dollars),361,577,"1,342",798,"1,159",956,654,"1,316","1,187","1,108","1,467","1,651","1,260","1,730","1,309",895,"1,039","1,781","1,359",781,(X)
Mean income (dollars),"92,673","96,532","51,979","73,665","65,042","79,781","98,368","94,503","102,250","110,394","108,300","112,462","107,453","112,336","101,626","77,418","85,999","91,237","78,036","62,513",(X)
..Standard error (dollars) ,515,569,"1,977","1,039","1,376","1,476","1,083","1,420","1,601","1,285","1,637","2,026","1,455","1,800","2,168",948,"1,275","1,716","1,891","1,201",(X)
Gini ratio,0.448,0.450,0.491,0.450,0.446,0.449,0.447,0.447,0.446,0.432,0.435,0.429,0.429,0.417,0.442,0.426,0.421,0.425,0.410,0.410,(X)
..Standard error,0.0024,0.0027,0.0134,0.0062,0.0084,0.0080,0.0048,0.0068,0.0072,0.0048,0.0056,0.0082,0.0054,0.0064,0.0074,0.0045,0.0055,0.0069,0.0090,0.0082,(X)
Income per family member,"29,512","29,043","16,891","21,953","20,968","22,566","25,957","24,829","27,100","32,470","30,166","35,015","38,994","39,003","38,982","32,064","35,121","36,987","32,229","26,544",(X)
..Standard error (dollars)  ,180,186,645,337,487,473,305,418,456,425,508,690,559,668,839,433,548,728,790,567,(X)
Total persons in families,"258,121","218,049","9,808","43,325","16,619","26,706","64,103","32,259","31,843","58,112","30,494","27,618","42,700","24,282","18,418","40,073","25,791","15,673","10,118","14,282",(X)
"FINC-02. Age of Reference Person, by Total Money Income in 2016, Type of Family, Race and Hispanic Origin of Reference Person.",,,,,,,,,,,,,,,,,,,,,
"For information on confidentiality protection, sampling error, nonsampling error, and definitions, see www2.census.gov/programs-surveys/cps/techdocs/cpsmar17.pdf",,,,,,,,,,,,,,,,,,,,,
"Source: U.S. Census Bureau, Current Population Survey, 2017 Annual Social and Economic Supplement.",,,,,,,,,,,,,,,,,,,,,
"(Numbers in thousands. Families as of March of the following year. A.O.I.C. stands for alone or in combination. Median income is calculated using $2,500 income intervals.",,,,,,,,,,,,,,,,,,,,,
"The Gini index is calculated using micro-sorted data.  Medians falling in the upper open-ended interval are plugged with $250,000.  Standard errors calculated using replicate weights)",,,,,,,,,,,,,,,,,,,,,
All Primary Families,,,,,,,,,,,,,,,,,,,,,
All Races,,,,,,,,,,,,,,,,,,,,,
Characteristic,Total,Under 65 years,,,,,,,,,,,,,,65 years and over,,,,,Mean age
,,Total Under 65 years,15 to 24 years,25 to 34 years,,,35 to 44 years,,,45 to 54 years,,,55 to 64 years,,,Total 65 years and over,65 to 74 years,,,75 years and over,
,,,,Total,25 to 29 years,30 to 34 years,Total,35 to 39 years,40 to 44 years,Total,45 to 49 years,50 to 54 years,Total,55 to 59 years,60 to 64 years,,Total,65 to 69 years,70 to 74 years,,
....Total,"82,854","65,707","3,160","12,945","5,456","7,489","16,986","8,536","8,450","17,005","8,540","8,465","15,611","8,260","7,351","17,147","11,028","6,404","4,625","6,118",50.0
"Under $5,000","2,208","1,914",235,533,272,261,471,258,213,354,179,175,321,142,179,294,201,116,85,93,44.0
"$5,000 to  $9,999","1,449","1,253",125,332,172,160,344,200,144,223,116,107,228,88,141,197,116,74,42,81,45.0
"$10,000 to $14,999","2,067","1,666",151,424,242,182,446,250,196,356,185,171,289,144,145,402,254,158,96,148,47.0
"$15,000 to $19,999","2,472","1,849",151,530,212,317,455,228,226,314,157,157,399,204,196,624,323,160,163,301,49.7
"$20,000 to $24,999","3,145","2,252",219,623,284,339,521,253,268,418,248,170,471,248,223,892,451,228,223,441,50.5
"$25,000 to $29,999","3,153","2,151",177,577,287,290,564,297,267,385,189,196,449,217,232,"1,003",551,271,280,452,51.8
"$30,000 to $34,999","3,509","2,464",210,631,300,331,622,335,288,508,258,250,492,233,258,"1,045",548,293,256,497,51.2
"$35,000 to $39,999","3,322","2,366",167,572,314,257,616,311,305,555,292,263,456,210,246,956,479,275,204,476,51.4
"$40,000 to $44,999","3,366","2,502",155,561,230,331,615,312,303,598,322,276,574,311,263,864,495,258,236,369,51.0
"$45,000 to $49,999","3,197","2,388",204,474,197,277,605,350,256,551,254,297,554,296,258,809,519,268,251,290,50.5
"$50,000 to $54,999","3,404","2,456",179,534,242,292,559,269,290,577,301,276,608,329,279,948,565,324,242,382,51.6
"$55,000 to $59,999","2,883","2,143",166,469,210,259,566,286,280,451,203,248,491,251,239,740,451,229,222,289,50.6
"$60,000 to $64,999","2,892","2,202",102,494,214,280,554,282,272,545,251,295,508,271,237,690,418,241,177,272,50.7
"$65,000 to $69,999","2,691","2,157",128,455,214,241,533,265,268,514,257,257,527,225,302,534,361,216,144,173,49.5
"$70,000 to $74,999","2,677","2,094",100,438,184,254,483,232,251,552,283,268,521,247,274,584,342,178,164,242,50.7
"$75,000 to $79,999","2,655","2,138",72,428,173,254,516,283,233,578,268,310,544,300,244,517,353,209,143,164,50.1
"$80,000 to $84,999","2,515","2,106",70,449,180,269,530,254,276,530,291,239,526,287,240,409,270,154,115,140,48.9
"$85,000 to $89,999","2,168","1,779",72,366,131,236,467,229,238,479,230,249,394,232,162,389,287,172,115,102,48.9
"$90,000 to $94,999","2,298","1,922",66,357,167,190,553,258,295,468,235,234,477,292,185,376,262,159,103,114,48.8
"$95,000 to $99,999","1,995","1,604",30,322,129,193,446,232,214,418,219,200,388,201,187,391,286,170,116,105,49.9
"$100,000 to $104,999","2,129","1,788",32,323,117,206,530,256,274,513,279,234,391,228,163,340,282,187,95,59,48.7
"$105,000 to $109,999","1,622","1,333",26,232,67,166,361,193,167,391,200,191,323,165,158,289,215,139,77,73,50.0
"$110,000 to $114,999","1,809","1,490",30,269,91,178,363,179,184,435,211,224,394,220,173,319,253,169,84,66,50.0
"$115,000 to $119,999","1,497","1,289",32,234,77,157,333,162,171,374,202,172,316,208,108,208,156,117,39,52,48.6
"$120,000 to $124,999","1,606","1,372",19,224,67,157,401,205,196,373,171,202,354,193,161,234,155,90,65,79,49.6
"$125,000 to $129,999","1,256","1,028",29,166,57,109,288,130,158,299,162,138,246,123,123,227,175,109,65,53,49.8
"$130,000 to $134,999","1,257","1,054",11,194,71,124,258,134,124,323,136,186,268,158,110,204,149,99,51,54,49.9
"$135,000 to $139,999","1,067",891,13,161,54,106,236,110,127,254,136,118,227,123,104,176,149,82,67,27,49.7
"$140,000 to $144,999","1,132",950,12,140,53,88,246,114,132,290,134,155,262,149,113,182,165,111,54,18,50.2
"$145,000 to $149,999",896,741,15,110,50,60,216,111,105,226,100,126,174,97,77,155,112,71,41,43,50.1
"$150,000 to $154,999","1,100",945,13,140,64,76,245,105,140,323,188,134,224,82,142,155,117,61,56,38,49.7
"$155,000 to $159,999",855,694,1,77,20,57,202,107,94,240,128,111,175,109,66,161,134,82,52,27,51.2
"$160,000 to $164,999",918,777,7,96,27,69,200,114,87,235,109,126,239,132,107,141,91,49,41,50,51.2
"$165,000 to $169,999",762,660,10,87,36,51,174,86,88,226,125,101,162,96,66,103,74,46,28,29,49.6
"$170,000 to $174,999",666,578,10,49,8,40,163,81,82,205,107,98,151,80,71,88,63,38,25,25,50.4
"$175,000 to $179,999",635,546,7,69,15,54,158,78,80,166,84,82,148,73,75,89,61,37,24,28,50.1
"$180,000 to $184,999",571,473,10,62,18,44,145,76,70,140,78,62,115,69,46,99,82,52,30,17,49.8
"$185,000 to $189,999",513,422,6,46,31,16,95,43,52,144,59,85,131,87,44,91,70,53,17,21,51.7
"$190,000 to $194,999",522,441,11,45,7,38,98,40,58,176,95,81,110,51,60,81,73,41,32,8,50.9
"$195,000 to $199,999",417,356,2,61,25,36,74,32,42,105,64,41,115,59,55,61,49,28,21,11,50.6
"$200,000 and over","7,556","6,473",83,591,149,442,"1,734",797,937,"2,194","1,034","1,160","1,871","1,030",841,"1,084",873,592,281,211,51.0
Median income (dollars),"72,707","76,907","44,501","61,641","54,219","68,025","80,168","77,062","82,304","90,119","89,611","90,496","82,837","87,244","79,017","58,559","67,226","73,166","60,353","48,306",(X)
..Standard error (dollars),478,376,"1,898",628,"1,669","1,504",787,"1,115","1,187",976,"1,523","1,322","1,137","1,519","1,558",804,"1,367","1,911","1,550","1,262",(X)
Mean income (dollars),"97,357","101,277","59,881","77,788","69,617","83,742","102,513","98,311","106,757","117,063","115,143","119,000","110,593","113,926","106,848","82,335","92,007","97,054","85,018","64,901",(X)
..Standard error (dollars) ,600,679,"2,518","1,004","1,709","1,284","1,156","1,579","1,684","1,480","1,876","2,208","1,585","2,155","2,140","1,236","1,707","2,243","2,419","1,389",(X)
Gini ratio,0.452,0.452,0.495,0.442,0.454,0.429,0.447,0.446,0.448,0.438,0.437,0.438,0.440,0.434,0.447,0.440,0.439,0.436,0.441,0.414,(X)
..Standard error,0.0024,0.0026,0.0190,0.0052,0.0108,0.0059,0.0045,0.0067,0.0064,0.0050,0.0064,0.0075,0.0056,0.0082,0.0081,0.0054,0.0069,0.0085,0.0127,0.0073,(X)
Income per family member,"31,041","30,425","19,891","23,401","22,503","23,980","26,865","25,491","28,283","34,381","32,218","36,792","39,725","39,006","40,622","34,316","37,834","39,616","35,322","27,728",(X)
..Standard error (dollars)  ,207,215,848,336,602,418,315,431,463,457,544,727,597,784,864,555,761,979,"1,085",637,(X)
Total persons in families,"259,863","218,722","9,512","43,030","16,879","26,151","64,818","32,922","31,896","57,901","30,521","27,380","43,460","24,125","19,335","41,141","26,820","15,689","11,131","14,321",(X)
"FINC-02. Age of Reference Person, by Total Money Income in 2017, Type of Family, Race and Hispanic Origin of Reference Person.",,,,,,,,,,,,,,,,,,,,,
"Data reflect the implementation of an updated processing system that incorporates content from earlier questionnaire redesigns related to income, health insurance, and demographics.",,,,,,,,,,,,,,,,,,,,,
"For information on confidentiality protection, sampling error, nonsampling error, and definitions, see <www2.census.gov/programs-surveys/cps/techdocs/cpsmar18.pdf>.",,,,,,,,,,,,,,,,,,,,,
"Source: U.S. Census Bureau, Current Population Survey, 2018 Annual Social and Economic Supplement.",,,,,,,,,,,,,,,,,,,,,
"(Numbers in thousands. Families as of March of the following year. A.O.I.C. stands for alone or in combination. Median income is calculated using $2,500 income intervals.",,,,,,,,,,,,,,,,,,,,,
"The Gini index is calculated using micro-sorted data.  Medians falling in the upper open-ended interval are plugged with $250,000.  Standard errors calculated using replicate weights)",,,,,,,,,,,,,,,,,,,,,
All Primary Families,,,,,,,,,,,,,,,,,,,,,
All Races,,,,,,,,,,,,,,,,,,,,,
Characteristic,Total,Under 65 years,,,,,,,,,,,,,,65 years and over,,,,,Mean age
,,Total Under 65 years,15 to 24 years,25 to 34 years,,,35 to 44 years,,,45 to 54 years,,,55 to 64 years,,,Total 65 years and over,65 to 74 years,,,75 years and over,
,,,,Total,25 to 29 years,30 to 34 years,Total,35 to 39 years,40 to 44 years,Total,45 to 49 years,50 to 54 years,Total,55 to 59 years,60 to 64 years,,Total,65 to 69 years,70 to 74 years,,
....Total,"83,539","65,738","3,025","12,969","5,353","7,616","17,132","8,889","8,243","16,753","8,593","8,160","15,859","8,309","7,551","17,800","11,533","6,612","4,921","6,267",50.2
"Under $5,000","2,144","1,767",238,560,288,272,440,281,160,286,155,130,242,125,117,377,209,104,106,168,44.4
"$5,000 to  $9,999","1,203",975,101,293,168,125,219,141,78,172,90,81,190,101,90,229,130,65,65,99,46.4
"$10,000 to $14,999","1,924","1,562",184,391,210,181,415,223,192,269,160,109,303,131,172,362,195,123,72,167,46.7
"$15,000 to $19,999","2,322","1,750",149,427,186,241,425,225,200,348,188,160,401,214,187,572,296,159,136,277,50.1
"$20,000 to $24,999","3,073","2,264",244,576,282,293,550,321,229,427,228,199,466,256,211,810,444,254,190,366,49.7
"$25,000 to $29,999","3,214","2,202",206,586,267,319,555,301,254,445,236,209,409,203,207,"1,012",591,302,289,421,51.3
"$30,000 to $34,999","3,512","2,380",188,664,285,379,590,339,251,458,243,215,479,246,234,"1,132",645,351,294,487,51.6
"$35,000 to $39,999","3,321","2,363",183,550,248,302,606,340,266,510,253,257,515,220,295,958,479,233,246,479,51.5
"$40,000 to $44,999","3,116","2,221",109,555,234,321,580,309,272,463,219,244,512,238,275,895,532,271,261,363,51.8
"$45,000 to $49,999","3,019","2,198",136,491,228,263,533,274,260,509,274,235,529,229,301,821,476,247,229,345,51.7
"$50,000 to $54,999","3,202","2,415",138,570,255,314,598,330,268,563,271,292,547,308,239,787,499,257,242,288,50.3
"$55,000 to $59,999","2,710","2,032",111,502,249,253,463,244,218,489,242,247,466,252,215,678,404,235,169,275,50.6
"$60,000 to $64,999","3,028","2,323",80,535,258,277,607,315,292,544,277,266,558,275,283,705,458,268,190,247,50.5
"$65,000 to $69,999","2,591","2,057",114,497,229,268,499,282,217,460,239,221,488,264,224,534,337,195,142,197,49.2
"$70,000 to $74,999","2,682","2,142",88,414,167,246,578,300,278,542,291,251,521,252,269,541,368,223,145,173,49.9
"$75,000 to $79,999","2,685","2,133",97,401,178,223,476,237,238,563,289,274,597,291,306,552,339,203,136,213,50.9
"$80,000 to $84,999","2,504","1,985",58,364,108,256,554,283,271,510,283,227,499,238,261,519,380,248,133,138,50.4
"$85,000 to $89,999","2,199","1,743",60,393,154,239,484,237,247,440,225,215,366,185,181,457,344,201,143,112,49.3
"$90,000 to $94,999","2,131","1,695",49,335,147,188,454,245,209,490,246,244,367,212,155,436,287,182,105,149,50.0
"$95,000 to $99,999","2,091","1,643",46,307,136,171,430,227,203,444,268,176,417,200,217,449,314,186,128,134,50.7
"$100,000 to $104,999","1,992","1,629",48,306,117,189,422,230,192,445,252,193,408,220,188,363,250,139,111,113,49.7
"$105,000 to $109,999","1,741","1,408",30,255,77,178,381,176,204,419,201,218,323,174,149,334,249,155,94,85,50.2
"$110,000 to $114,999","1,865","1,536",34,255,105,149,453,243,210,424,211,214,369,175,195,329,230,144,85,100,49.8
"$115,000 to $119,999","1,583","1,309",33,230,81,149,392,207,186,340,184,156,313,162,151,275,231,160,71,44,49.1
"$120,000 to $124,999","1,543","1,303",31,218,59,160,353,189,164,411,213,198,291,202,88,239,180,99,82,59,49.0
"$125,000 to $129,999","1,326","1,104",32,170,54,117,305,160,144,303,129,174,294,163,131,222,168,103,65,54,50.0
"$130,000 to $134,999","1,239","1,050",11,169,52,116,269,123,147,313,160,153,288,172,116,189,129,59,69,61,50.3
"$135,000 to $139,999","1,215",990,15,158,56,102,281,146,135,275,158,117,261,151,110,225,171,92,78,54,50.4
"$140,000 to $144,999","1,075",910,21,155,62,93,266,122,144,275,145,130,194,101,93,164,123,68,54,42,48.7
"$145,000 to $149,999",947,813,6,113,19,94,207,91,115,235,122,113,252,141,111,134,97,64,33,37,50.6
"$150,000 to $154,999","1,214","1,023",20,135,33,103,320,175,145,296,168,128,251,145,106,191,145,84,61,46,49.7
"$155,000 to $159,999",873,748,18,116,44,72,217,91,126,206,84,122,191,102,89,125,110,55,55,14,49.3
"$160,000 to $164,999",912,778,8,114,45,69,177,97,80,279,145,135,200,118,82,134,110,62,48,24,50.1
"$165,000 to $169,999",697,599,4,77,24,54,168,93,75,180,84,95,170,113,56,98,76,46,30,22,50.0
"$170,000 to $174,999",719,606,4,63,17,46,146,74,71,198,79,118,195,98,97,113,75,44,32,38,52.1
"$175,000 to $179,999",729,627,21,85,13,72,176,85,91,172,85,86,173,97,76,103,80,41,39,22,49.7
"$180,000 to $184,999",623,516,3,88,23,65,150,73,77,149,75,74,126,76,50,107,82,49,34,24,50.1
"$185,000 to $189,999",574,480,5,38,11,28,115,50,65,141,73,68,181,98,83,94,72,47,24,22,52.6
"$190,000 to $194,999",552,473,8,46,19,28,140,72,69,169,88,81,110,65,45,79,58,33,25,21,49.9
"$195,000 to $199,999",424,370,5,39,11,28,127,66,61,115,64,51,83,46,37,54,36,23,13,18,49.1
"$200,000 and over","9,023","7,619",88,729,156,573,"2,012",873,"1,139","2,476","1,196","1,280","2,314","1,255","1,060","1,404","1,135",737,397,269,51.4
Median income (dollars),"76,135","80,176","40,622","62,401","55,399","69,969","83,531","79,556","88,401","93,606","92,312","95,026","87,674","92,399","82,526","62,192","71,003","75,473","64,399","49,411",(X)
..Standard error (dollars),404,470,"1,391",914,999,"1,561","1,135","1,549","1,477","1,217","1,311","1,651","1,374","1,786","1,472",889,"1,181","1,585","1,202","1,076",(X)
Mean income (dollars),"103,218","107,103","57,139","80,927","67,541","90,336","108,085","100,349","116,427","120,109","117,689","122,659","123,241","126,158","120,032","88,867","98,898","103,664","92,494","70,408",(X)
..Standard error (dollars) ,663,707,"2,061","1,120","1,393","1,700","1,045","1,405","1,575","1,345","1,814","1,899","1,825","2,262","3,168","1,477","1,990","2,688","3,406","1,807",(X)
Gini ratio,0.458,0.455,0.480,0.446,0.434,0.445,0.442,0.438,0.443,0.426,0.426,0.425,0.463,0.455,0.471,0.460,0.457,0.455,0.457,0.445,(X)
..Standard error,0.0024,0.0024,0.0116,0.0051,0.0071,0.0070,0.0040,0.0059,0.0056,0.0040,0.0055,0.0056,0.0055,0.0076,0.0094,0.0074,0.0090,0.0109,0.0164,0.0110,(X)
Income per family member,"32,961","32,183","18,794","24,363","21,749","26,006","28,412","26,418","30,556","35,287","33,151","37,744","44,122","43,165","45,282","36,935","40,234","41,661","38,261","30,475",(X)
..Standard error (dollars)  ,223,212,672,398,503,564,301,413,476,411,535,621,674,802,"1,236",662,839,"1,100","1,400",860,(X)
Total persons in families,"261,599","218,770","9,198","43,078","16,624","26,454","65,174","33,767","31,408","57,022","30,504","26,518","44,299","24,283","20,015","42,829","28,349","16,453","11,897","14,480",(X)
"For more information on the updated processing system, see < https://www.census.gov/data/datasets/time-series/demo/income-poverty/cps-asec-design.html >.",,,,,,,,,,,,,,,,,,,,,
"FINC-02. Age of Reference Person, by Total Money Income in 2018, Type of Family, Race and Hispanic Origin of Reference Person.",,,,,,,,,,,,,,,,,,,,,
"Data reflect the implementation of an updated processing system that incorporates content from earlier questionnaire redesigns related to income, health insurance, and demographics.",,,,,,,,,,,,,,,,,,,,,
"For information on confidentiality protection, sampling error, nonsampling error, and definitions, see <www2.census.gov/programs-surveys/cps/techdocs/cpsmar19.pdf>.",,,,,,,,,,,,,,,,,,,,,
"Source: U.S. Census Bureau, Current Population Survey, 2019 Annual Social and Economic Supplement.",,,,,,,,,,,,,,,,,,,,,
"(Numbers in thousands. Families as of March of the following year. A.O.I.C. stands for alone or in combination. Median income is calculated using $2,500 income intervals.",,,,,,,,,,,,,,,,,,,,,
"The Gini index is calculated using micro-sorted data.  Medians falling in the upper open-ended interval are plugged with $250,000.  Standard errors calculated using replicate weights)",,,,,,,,,,,,,,,,,,,,,
All Primary Families,,,,,,,,,,,,,,,,,,,,,
All Races,,,,,,,,,,,,,,,,,,,,,
Characteristic,Total,Under 65 years,,,,,,,,,,,,,,65 years and over,,,,,Mean age
,,Total Under 65 years,15 to 24 years,25 to 34 years,,,35 to 44 years,,,45 to 54 years,,,55 to 64 years,,,Total 65 years and over,65 to 74 years,,,75 years and over,
,,,,Total,25 to 29 years,30 to 34 years,Total,35 to 39 years,40 to 44 years,Total,45 to 49 years,50 to 54 years,Total,55 to 59 years,60 to 64 years,,Total,65 to 69 years,70 to 74 years,,
....Total,"83,508","65,067","3,006","12,994","5,499","7,495","16,986","8,836","8,150","16,414","8,347","8,067","15,667","8,034","7,634","18,441","11,887","6,612","5,275","6,554",50.4
"Under $5,000","1,941","1,569",175,460,261,199,348,201,147,279,139,140,307,135,172,372,215,137,78,157,46.5
"$5,000 to  $9,999","1,212",953,88,307,146,161,227,119,108,168,85,83,163,93,69,259,164,99,65,95,47.0
"$10,000 to $14,999","1,816","1,430",93,379,215,164,380,216,164,258,128,131,320,146,174,386,215,133,82,171,48.5
"$15,000 to $19,999","2,055","1,519",156,386,166,220,401,208,193,248,150,99,327,168,159,536,296,156,140,240,49.6
"$20,000 to $24,999","2,753","1,958",197,458,196,261,540,310,230,413,219,194,350,171,179,794,472,263,209,323,50.4
"$25,000 to $29,999","2,915","2,023",182,496,251,244,569,328,241,353,163,189,424,210,214,892,479,277,202,413,51.4
"$30,000 to $34,999","3,242","2,240",180,565,253,312,565,321,244,491,250,241,440,205,235,"1,002",548,273,274,454,51.7
"$35,000 to $39,999","3,280","2,327",177,564,268,295,567,333,234,510,275,234,509,232,277,953,547,273,274,406,51.4
"$40,000 to $44,999","3,055","2,109",146,567,249,318,563,316,248,390,210,180,443,226,216,946,524,261,263,422,51.6
"$45,000 to $49,999","2,922","2,132",153,551,211,340,547,304,243,431,205,227,449,211,237,790,462,252,210,328,50.5
"$50,000 to $54,999","3,248","2,412",154,549,256,293,607,309,298,517,277,240,585,300,286,836,503,263,240,333,50.8
"$55,000 to $59,999","2,940","2,155",130,536,272,264,466,248,218,483,258,225,540,275,265,785,476,241,235,310,51.3
"$60,000 to $64,999","2,983","2,165",122,504,261,242,592,310,282,441,249,193,505,248,257,818,523,282,241,295,51.1
"$65,000 to $69,999","2,668","1,961",96,444,216,229,439,217,222,487,272,215,495,230,265,707,470,273,198,236,51.4
"$70,000 to $74,999","2,575","1,987",110,473,210,263,497,251,246,455,248,207,451,205,246,588,408,214,194,180,49.8
"$75,000 to $79,999","2,762","2,122",124,417,143,274,504,233,271,560,302,257,517,266,251,640,423,221,201,217,50.8
"$80,000 to $84,999","2,433","1,924",85,390,172,218,535,299,236,465,230,236,448,226,222,508,365,219,147,143,49.6
"$85,000 to $89,999","2,275","1,747",45,396,177,219,447,215,232,439,203,236,421,234,187,528,375,207,168,153,50.5
"$90,000 to $94,999","2,299","1,823",74,350,138,212,465,221,244,450,237,213,483,269,214,476,351,192,159,125,50.3
"$95,000 to $99,999","2,018","1,627",31,422,154,268,435,243,191,346,177,168,393,196,197,391,268,168,100,123,49.1
"$100,000 to $104,999","2,211","1,777",32,308,139,169,427,222,205,524,277,246,487,279,208,434,321,182,139,112,50.8
"$105,000 to $109,999","1,880","1,524",35,296,121,175,412,199,214,391,209,181,390,177,212,356,220,132,87,137,50.1
"$110,000 to $114,999","1,840","1,526",39,282,105,178,452,232,220,435,234,200,318,172,146,314,236,139,97,77,48.9
"$115,000 to $119,999","1,589","1,313",51,251,108,143,366,188,178,318,151,167,326,170,156,277,195,103,92,82,49.3
"$120,000 to $124,999","1,552","1,291",33,232,82,150,349,195,154,361,181,180,316,170,147,261,185,107,78,76,49.5
"$125,000 to $129,999","1,440","1,193",45,208,75,133,304,147,157,337,169,169,298,159,140,247,161,89,72,86,49.8
"$130,000 to $134,999","1,359","1,121",14,224,71,153,317,175,142,321,168,153,246,148,98,237,184,98,87,53,49.2
"$135,000 to $139,999","1,132",947,14,162,75,88,276,146,130,240,135,105,254,140,114,186,136,76,60,49,49.4
"$140,000 to $144,999","1,125",922,18,121,45,76,244,113,132,289,143,146,251,137,114,203,148,102,46,55,51.1
"$145,000 to $149,999","1,098",935,23,114,34,81,280,122,158,287,144,143,231,119,111,164,122,65,58,41,49.9
"$150,000 to $154,999","1,233","1,059",6,148,33,115,301,160,141,353,195,158,251,135,116,174,117,77,40,57,49.8
"$155,000 to $159,999",822,716,25,78,25,53,194,87,107,225,117,108,194,108,85,107,86,45,41,21,49.6
"$160,000 to $164,999",940,817,7,123,32,91,246,129,117,238,115,123,203,105,98,123,107,70,37,16,49.2
"$165,000 to $169,999",792,679,8,77,29,48,200,112,88,219,89,129,175,87,88,113,81,47,34,32,50.2
"$170,000 to $174,999",744,621,13,54,13,41,203,109,93,181,95,86,170,105,65,124,90,52,39,34,50.7
"$175,000 to $179,999",713,584,6,73,26,47,143,70,73,211,108,102,152,74,78,129,100,64,36,29,51.5
"$180,000 to $184,999",627,542,0,74,28,45,156,65,91,149,73,76,163,76,87,85,52,25,27,33,50.7
"$185,000 to $189,999",607,509,10,82,15,67,101,49,52,180,88,92,136,66,70,99,87,50,37,12,50.5
"$190,000 to $194,999",511,439,2,60,15,45,108,43,65,142,68,74,127,57,70,72,44,30,14,28,50.9
"$195,000 to $199,999",509,430,4,41,11,30,151,79,72,123,49,75,110,64,47,79,65,36,29,14,50.1
"$200,000 and over","9,393","7,940",101,771,202,569,"2,061",991,"1,070","2,706","1,261","1,445","2,300","1,238","1,062","1,453","1,066",621,445,388,51.4
Median income (dollars),"78,646","83,554","48,356","66,728","60,065","73,564","86,400","82,841","90,285","100,175","96,789","101,907","91,196","94,246","86,923","64,023","70,624","73,101","68,202","54,029",(X)
..Standard error (dollars),518,695,"1,534",952,"1,076","1,548",906,"1,205","1,303",891,"1,600","1,014",878,"1,642","1,688",708,"1,122","1,467","1,357",918,(X)
Mean income (dollars),"106,045","110,841","67,644","85,613","73,836","94,254","111,258","106,696","116,203","130,828","126,091","135,731","118,661","121,474","115,701","89,121","95,925","98,274","92,979","76,780",(X)
..Standard error (dollars) ,690,830,"3,334","1,179","1,696","1,617","1,284","1,673","1,737","1,649","2,188","2,532","1,668","2,164","2,199","1,000","1,318","1,754","1,952","1,636",(X)
Gini ratio,0.452,0.450,0.490,0.441,0.430,0.441,0.440,0.443,0.437,0.442,0.437,0.446,0.433,0.427,0.439,0.447,0.440,0.444,0.434,0.450,(X)
..Standard error,0.0024,0.0028,0.0199,0.0062,0.0108,0.0078,0.0043,0.0055,0.0063,0.0054,0.0073,0.0076,0.0053,0.0074,0.0080,0.0049,0.0059,0.0077,0.0089,0.0085,(X)
Income per family member,"33,799","33,131","22,063","25,990","24,384","27,013","29,060","27,851","30,371","38,009","35,109","41,287","42,120","41,424","42,916","37,078","39,055","39,475","38,513","33,263",(X)
..Standard error (dollars)  ,236,253,"1,062",399,612,516,356,456,491,528,672,820,668,810,944,505,624,770,944,782,(X)
Total persons in families,"262,010","217,686","9,216","42,803","16,651","26,152","65,031","33,848","31,183","56,498","29,978","26,520","44,138","23,558","20,580","44,324","29,197","16,461","12,735","15,128",(X)
"For more information on the updated processing system, see <www.census.gov/data/datasets/time-series/demo/income-poverty/cps-asec-design.html>.",,,,,,,,,,,,,,,,,,,,,
"FINC-02. Age of Reference Person by Total Money Income in 2019, Type of Family, Race and Hispanic Origin of Reference Person",,,,,,,,,,,,,,,,,,,,,
"For information on confidentiality protection, sampling error, nonsampling error, and definitions, see <https://www2.census.gov/programs-surveys/cps/techdocs/cpsmar20.pdf>.",,,,,,,,,,,,,,,,,,,,,
"Source: U.S. Census Bureau, Current Population Survey, 2020 Annual Social and Economic Supplement (CPS ASEC).",,,,,,,,,,,,,,,,,,,,,
"(Numbers in thousands. Families as of March of the following year. A.O.I.C. stands for alone or in combination. Median income is calculated using $2,500 intervals.",,,,,,,,,,,,,,,,,,,,,
"The Gini index is calculated using micro-sorted data. Medians falling in the upper open-ended interval are plugged with ""$250,000"". Standard errors calculated using replicate weights)",,,,,,,,,,,,,,,,,,,,,
Primary Families,,,,,,,,,,,,,,,,,,,,,
All Races,,,,,,,,,,,,,,,,,,,,,
Characteristic,Total,Under 65 years,,,,,,,,,,,,,,65 years and over,,,,,Mean age of householder
,,Total under 65 years,15 to 24 years,25 to 34 years,,,35 to 44 years,,,45 to 54 years,,,55 to 64 years,,,Total 65 years and over,65 to 74 years,,,75 years and over,
,,,,Total,25 to 29 years,30 to 34 years,Total,35 to 39 years,40 to 44 years,Total,45 to 49 years,50 to 54 years,Total,55 to 59 years,60 to 64 years,,Total,65 to 69 years,70 to 74 years,,
....Total,"83,698","64,476","2,541","12,690","5,098","7,592","17,044","8,772","8,272","16,234","8,227","8,007","15,967","8,152","7,815","19,222","12,262","6,649","5,612","6,961",50.9
"Under $5,000","1,698","1,374",122,443,222,221,353,203,150,227,130,97,228,122,106,325,199,114,85,125,45.8
"$5,000 to $9,999","1,099",860,91,300,154,146,170,93,77,147,84,63,152,72,80,240,144,92,52,96,46.8
"$10,000 to $14,999","1,401","1,075",84,323,149,174,257,124,133,187,112,75,225,113,112,325,165,92,73,160,48.8
"$15,000 to $19,999","1,811","1,301",98,340,170,170,342,170,172,272,144,128,249,106,143,509,252,124,128,258,50.9
"$20,000 to $24,999","2,213","1,648",126,440,225,216,403,220,183,296,146,150,383,178,205,565,325,148,178,240,50.1
"$25,000 to $29,999","2,721","1,820",145,500,220,281,481,262,219,364,192,172,330,130,200,901,453,206,247,448,52.1
"$30,000 to $34,999","2,948","2,037",180,567,261,306,522,299,223,358,167,191,410,191,219,911,492,230,262,419,51.3
"$35,000 to $39,999","2,786","1,833",107,444,181,263,481,279,202,415,221,194,387,200,186,953,537,288,249,417,53.2
"$40,000 to $44,999","3,113","2,229",138,529,192,337,607,321,286,408,224,183,548,231,318,884,535,236,299,348,51.7
"$45,000 to $49,999","2,912","2,061",124,478,183,295,539,268,270,402,173,229,518,249,269,851,491,262,229,360,52.1
"$50,000 to $54,999","2,941","2,105",94,518,230,289,567,277,290,442,227,215,484,268,216,835,504,250,254,331,51.5
"$55,000 to $59,999","2,928","2,016",110,504,242,262,470,279,191,443,216,228,489,213,276,913,544,267,277,369,52.6
"$60,000 to $64,999","2,852","2,091",123,463,243,221,544,287,257,502,280,221,460,248,211,761,506,228,277,255,50.9
"$65,000 to $69,999","2,451","1,845",116,405,133,272,430,219,211,429,248,181,465,233,232,606,351,171,181,255,51.0
"$70,000 to $74,999","2,645","1,969",69,400,188,212,593,323,270,431,220,210,476,231,245,676,421,229,191,256,51.3
"$75,000 to $79,999","2,444","1,851",71,434,165,269,451,266,185,425,226,198,470,226,243,593,421,225,196,172,50.7
"$80,000 to $84,999","2,392","1,831",61,416,188,227,458,264,193,456,229,227,440,229,211,561,383,248,135,177,50.5
"$85,000 to $89,999","2,173","1,663",70,318,139,179,411,185,226,425,192,233,440,218,221,510,352,183,169,158,51.3
"$90,000 to $94,999","2,196","1,680",72,312,133,179,465,240,225,410,212,197,422,207,215,516,346,183,163,170,50.9
"$95,000 to $99,999","2,074","1,616",73,370,116,254,426,211,215,344,168,176,403,205,198,459,290,176,115,168,50.1
"$100,000 to $104,999","2,240","1,787",72,362,138,224,495,254,241,439,238,201,420,191,229,452,336,210,126,117,49.6
"$105,000 to $109,999","1,891","1,478",28,310,103,208,404,189,215,383,179,204,353,192,161,413,281,157,124,132,50.6
"$110,000 to $114,999","1,815","1,498",19,276,99,177,417,245,172,383,214,169,402,186,216,318,219,127,92,99,50.1
"$115,000 to $119,999","1,540","1,211",32,223,91,132,314,146,168,318,175,144,323,152,172,329,219,131,88,111,51.1
"$120,000 to $124,999","1,827","1,487",28,269,109,160,378,198,180,423,206,217,389,212,177,340,218,127,92,121,50.5
"$125,000 to $129,999","1,416","1,152",33,144,46,98,304,143,161,352,183,169,318,173,145,264,182,112,70,82,51.2
"$130,000 to $134,999","1,436","1,201",25,195,78,118,365,198,166,333,184,149,283,144,138,234,164,97,67,70,49.4
"$135,000 to $139,999","1,287","1,061",25,156,55,102,309,169,140,293,152,142,278,141,136,226,138,75,63,88,50.4
"$140,000 to $144,999","1,169",968,22,161,50,111,294,133,161,266,128,138,224,116,108,201,141,77,64,61,49.7
"$145,000 to $149,999","1,107",882,9,150,49,101,239,122,116,239,121,118,245,104,141,225,168,113,55,57,51.2
"$150,000 to $154,999","1,396","1,182",29,200,60,139,342,183,158,327,142,184,285,138,148,214,160,94,66,54,49.2
"$155,000 to $159,999",974,802,15,131,42,89,216,101,115,245,113,131,195,117,78,172,127,85,42,45,50.1
"$160,000 to $164,999","1,074",879,4,137,55,82,228,116,112,281,136,145,229,138,91,195,146,84,62,49,50.7
"$165,000 to $169,999",833,728,16,120,48,72,172,66,106,223,106,117,196,125,71,106,79,40,39,27,49.3
"$170,000 to $174,999","1,020",819,19,115,25,90,263,127,135,247,127,120,175,101,74,201,150,104,46,51,50.2
"$175,000 to $179,999",807,690,10,94,27,67,186,84,102,237,150,87,162,90,73,117,88,36,51,29,49.7
"$180,000 to $184,999",773,659,6,98,20,79,170,62,108,192,95,97,193,109,84,114,91,48,43,23,50.4
"$185,000 to $189,999",681,564,3,48,9,38,129,67,62,178,101,77,206,94,112,117,87,47,40,30,53.1
"$190,000 to $194,999",669,603,5,49,20,29,188,86,102,210,74,136,151,93,58,66,47,33,13,19,49.7
"$195,000 to $199,999",551,453,5,45,5,40,123,55,68,137,65,72,143,84,59,98,71,36,36,27,51.9
"$200,000 and over","11,393","9,467",62,900,237,664,"2,541","1,237","1,304","3,144","1,524","1,621","2,819","1,584","1,236","1,925","1,438",866,572,487,51.8
Median income (dollars),"86,011","91,656","52,972","70,942","61,889","76,665","94,755","90,851","98,955","108,609","106,514","110,733","100,052","105,363","94,940","70,254","77,378","82,719","70,413","58,738",(X)
..Standard error (dollars),540,604,"2,206",991,"1,179",968,"1,357","1,515","1,799","1,611","1,892","2,000","1,151","1,990","1,851","1,029","1,114","1,622","1,682","1,107",(X)
Mean income (dollars),"116,735","122,243","65,370","90,264","77,983","98,512","122,477","120,237","124,851","142,834","141,282","144,429","135,525","143,151","127,571","98,260","106,670","111,596","100,833","83,445",(X)
..Standard error (dollars),835,977,"2,313","1,377","2,089","1,812","1,630","2,351","2,190","2,120","2,847","2,893","2,351","3,295","2,981","1,340","1,718","2,205","2,640","2,255",(X)
Gini ratio,0.454,0.452,0.428,0.439,0.432,0.437,0.439,0.449,0.428,0.440,0.448,0.433,0.449,0.450,0.446,0.448,0.443,0.436,0.449,0.446,(X)
..Standard error,0.0026,0.0029,0.0153,0.0058,0.0096,0.0069,0.0046,0.0067,0.0068,0.0059,0.0081,0.0085,0.0066,0.0085,0.0096,0.0049,0.0062,0.0073,0.0105,0.0088,(X)
Income per family member,"37,052","36,324","21,349","28,004","26,439","28,913","32,049","31,614","32,506","40,578","38,590","42,793","47,020","47,016","47,026","40,434","42,795","44,095","41,203","35,966",(X)
..Standard error (dollars),275,294,858,491,776,605,446,665,616,636,805,878,859,"1,105","1,199",597,745,949,"1,119","1,004",(X)
Total people in families,"263,696","216,984","7,781","40,903","15,037","25,866","65,134","33,362","31,772","57,143","30,120","27,023","46,022","24,821","21,202","46,712","30,563","16,828","13,735","16,149",(X)
"FINC-02. Age of Reference Person by Total Money Income in 2020, Type of Family, Race and Hispanic Origin of Reference Person",,,,,,,,,,,,,,,,,,,,,
"Information on confidentiality protection, sampling error, nonsampling error, and definitions is available at <https://www2.census.gov/programs-surveys/cps/techdocs/cpsmar21.pdf>.",,,,,,,,,,,,,,,,,,,,,
"Source: U.S. Census Bureau, Current Population Survey, 2021 Annual Social and Economic Supplement (CPS ASEC).",,,,,,,,,,,,,,,,,,,,,
"(Numbers in thousands. Families as of March of the following year. A.O.I.C. stands for alone or in combination. Median income is calculated using $2,500 intervals.",,,,,,,,,,,,,,,,,,,,,
"The Gini index is calculated using micro-sorted data. Medians falling in the upper open-ended interval are plugged with ""$250,000"". Standard errors calculated using replicate weights)",,,,,,,,,,,,,,,,,,,,,
Primary Families,,,,,,,,,,,,,,,,,,,,,
All Races,,,,,,,,,,,,,,,,,,,,,
Characteristic,Total,Under 65 years,,,,,,,,,,,,,,65 years and over,,,,,Mean age of householder
,,Total under 65 years,15 to 24 years,25 to 34 years,,,35 to 44 years,,,45 to 54 years,,,55 to 64 years,,,Total 65 years and over,65 to 74 years,,,75 years and over,
,,,,Total,25 to 29 years,30 to 34 years,Total,35 to 39 years,40 to 44 years,Total,45 to 49 years,50 to 54 years,Total,55 to 59 years,60 to 64 years,,Total,65 to 69 years,70 to 74 years,,
....Total,"83,918","64,541","2,537","12,795","5,036","7,758","17,293","8,689","8,604","16,287","8,146","8,140","15,628","7,980","7,648","19,378","12,415","7,031","5,385","6,962",50.9
"Under $5,000","2,071","1,708",183,554,268,287,436,233,203,271,151,119,265,122,144,363,231,122,109,132,45.0
"$5,000 to $9,999","1,154",930,71,272,128,144,253,111,142,170,103,67,164,72,92,224,141,68,74,82,46.9
"$10,000 to $14,999","1,556","1,227",111,326,145,181,304,177,126,217,118,100,269,150,119,329,174,105,69,155,48.2
"$15,000 to $19,999","2,002","1,410",100,358,152,205,366,186,180,274,138,135,313,145,168,591,344,194,150,248,51.5
"$20,000 to $24,999","2,493","1,815",133,483,195,289,444,215,230,378,206,173,376,161,215,678,377,194,182,302,50.6
"$25,000 to $29,999","2,650","1,722",119,460,198,262,460,257,203,313,183,129,370,157,213,928,498,257,240,430,53.1
"$30,000 to $34,999","2,952","1,985",157,467,216,251,547,292,255,382,185,196,431,189,242,967,511,256,255,456,52.7
"$35,000 to $39,999","2,817","1,969",136,476,207,269,541,288,253,404,236,168,412,187,225,849,444,237,207,405,51.9
"$40,000 to $44,999","3,066","2,136",153,542,212,329,561,325,236,438,230,208,443,229,214,930,529,303,226,401,51.5
"$45,000 to $49,999","2,876","1,916",144,420,186,233,517,243,274,432,225,207,403,214,190,961,600,286,314,361,52.8
"$50,000 to $54,999","3,132","2,196",125,530,230,300,570,289,282,459,225,234,512,245,266,936,557,264,293,379,52.1
"$55,000 to $59,999","2,698","1,858",108,451,186,265,438,232,206,420,188,232,441,209,232,841,481,288,193,360,52.6
"$60,000 to $64,999","2,647","1,993",71,419,195,224,576,292,285,458,255,203,468,249,219,654,439,251,188,215,50.9
"$65,000 to $69,999","2,525","1,860",71,459,204,255,420,207,213,458,226,232,452,227,225,664,422,233,189,242,51.5
"$70,000 to $74,999","2,686","2,005",75,486,203,283,547,270,277,469,232,236,429,201,228,681,454,236,218,228,50.6
"$75,000 to $79,999","2,545","1,930",72,398,167,231,562,278,284,470,218,252,429,203,226,615,427,233,194,188,50.7
"$80,000 to $84,999","2,493","1,894",96,433,196,237,493,243,250,433,230,203,439,256,183,599,372,212,160,227,50.2
"$85,000 to $89,999","2,040","1,582",45,351,113,238,382,185,197,379,193,186,425,193,233,458,305,182,122,153,51.1
"$90,000 to $94,999","2,128","1,665",65,312,94,218,453,220,234,404,198,206,431,208,223,463,298,183,115,165,50.9
"$95,000 to $99,999","2,036","1,617",74,298,113,185,449,217,232,406,189,217,390,219,171,418,278,141,136,141,50.2
"$100,000 to $104,999","2,317","1,834",56,365,151,215,506,268,238,479,259,220,427,193,234,484,311,183,128,173,50.3
"$105,000 to $109,999","1,862","1,440",39,317,127,190,386,185,201,373,202,171,325,165,160,422,308,173,135,114,50.4
"$110,000 to $114,999","1,878","1,514",42,255,96,159,438,221,217,356,171,186,424,246,178,364,248,146,102,116,50.5
"$115,000 to $119,999","1,431","1,138",22,181,79,102,323,170,154,335,129,205,277,131,146,292,212,111,101,80,50.9
"$120,000 to $124,999","1,626","1,351",25,251,104,147,412,236,176,326,153,172,337,175,162,275,206,114,92,69,49.3
"$125,000 to $129,999","1,402","1,119",17,215,81,135,290,152,138,321,167,154,275,144,131,283,208,127,82,75,50.5
"$130,000 to $134,999","1,359","1,097",15,203,66,138,302,161,142,313,163,150,265,162,102,261,188,106,82,73,50.2
"$135,000 to $139,999","1,311","1,025",16,187,66,121,275,151,124,292,157,136,255,128,127,286,208,130,78,78,51.1
"$140,000 to $144,999","1,160",929,19,160,61,99,249,129,120,244,123,121,257,144,113,230,170,103,68,60,50.8
"$145,000 to $149,999","1,131",897,13,167,61,106,263,132,132,222,122,100,231,131,100,234,187,126,61,47,50.1
"$150,000 to $154,999","1,252","1,059",21,138,22,116,308,157,151,288,126,162,305,147,158,192,127,100,27,65,50.5
"$155,000 to $159,999",981,817,26,138,36,102,193,89,104,257,139,118,203,84,119,165,106,65,41,59,50.2
"$160,000 to $164,999","1,029",827,19,113,34,79,242,140,102,266,130,136,188,111,77,202,154,102,52,48,50.3
"$165,000 to $169,999",852,668,10,124,38,86,154,56,98,227,127,100,152,82,70,184,136,100,36,48,50.9
"$170,000 to $174,999",918,755,1,126,44,82,219,114,105,186,109,76,223,119,104,163,129,80,49,34,50.5
"$175,000 to $179,999",798,661,9,111,42,69,175,92,83,190,101,89,176,89,87,137,90,48,42,47,50.5
"$180,000 to $184,999",762,670,5,110,34,77,186,93,93,195,97,97,174,102,73,92,74,50,24,18,48.9
"$185,000 to $189,999",634,521,5,59,17,42,149,68,81,179,86,93,130,73,56,113,76,50,26,37,51.3
"$190,000 to $194,999",711,587,5,89,36,53,139,58,82,157,62,95,196,115,81,124,87,53,34,37,51.8
"$195,000 to $199,999",595,506,2,68,8,60,108,63,45,186,76,111,141,64,77,90,60,28,32,29,51.6
"$200,000 and over","11,343","9,707",62,922,228,694,"2,655","1,195","1,460","3,264","1,518","1,746","2,804","1,539","1,265","1,636","1,249",790,459,387,51.1
Median income (dollars),"84,008","90,356","48,439","71,785","64,994","76,718","92,242","90,519","94,217","105,393","102,069","109,185","99,279","103,882","94,203","68,067","75,092","79,760","70,081","56,970",(X)
..Standard error (dollars),603,606,"1,691",937,"1,909","1,395","1,025","1,762","1,798","1,479","1,460","2,418","1,571","2,201","1,894",983,967,"1,400","1,674","1,054",(X)
Mean income (dollars),"114,962","120,912","61,586","90,998","80,299","97,944","123,181","117,705","128,711","140,875","133,672","148,084","131,721","139,797","123,295","95,144","103,953","110,489","95,420","79,434",(X)
..Standard error (dollars),840,973,"1,814","1,302","2,083","1,781","1,520","1,982","2,455","2,090","2,448","2,891","1,803","2,793","2,298","1,171","1,575","2,221","2,229","1,646",(X)
Gini ratio,0.458,0.456,0.437,0.442,0.439,0.439,0.458,0.451,0.463,0.444,0.437,0.449,0.443,0.447,0.436,0.448,0.447,0.450,0.440,0.433,(X)
..Standard error,0.0028,0.0032,0.0102,0.0053,0.0094,0.0063,0.0047,0.0070,0.0072,0.0058,0.0071,0.0078,0.0057,0.0076,0.0072,0.0048,0.0056,0.0082,0.0084,0.0080,(X)
Income per family member,"36,767","36,218","20,206","28,016","26,276","29,040","32,351","31,099","33,601","40,923","37,383","44,751","46,512","47,283","45,631","39,283","41,998","44,312","38,924","34,134",(X)
..Standard error (dollars),291,306,647,421,763,585,449,607,698,616,680,894,686,980,920,539,695,935,963,751,(X)
Total people in families,"262,398","215,464","7,734","41,558","15,391","26,167","65,847","32,888","32,959","56,066","29,129","26,937","44,259","23,594","20,665","46,934","30,731","17,531","13,200","16,203",(X)
"FINC-02. Age of Reference Person by Total Money Income in 2020, Type of Family, Race and Hispanic Origin of Reference Person",,,,,,,,,,,,,,,,,,,,,
"Information on confidentiality protection, sampling error, nonsampling error, and definitions is available at <https://www2.census.gov/programs-surveys/cps/techdocs/cpsmar21.pdf>.",,,,,,,,,,,,,,,,,,,,,
"Source: U.S. Census Bureau, Current Population Survey, 2021 Annual Social and Economic Supplement (CPS ASEC).",,,,,,,,,,,,,,,,,,,,,
"(Numbers in thousands. Families as of March of the following year. A.O.I.C. stands for alone or in combination. Median income is calculated using $2,500 intervals.",,,,,,,,,,,,,,,,,,,,,
"The Gini index is calculated using micro-sorted data. Medians falling in the upper open-ended interval are plugged with ""$250,000"". Standard errors calculated using replicate weights)",,,,,,,,,,,,,,,,,,,,,
Primary Families,,,,,,,,,,,,,,,,,,,,,
All Races,,,,,,,,,,,,,,,,,,,,,
Characteristic,Total,Under 65 years,,,,,,,,,,,,,,65 years and over,,,,,Mean age of householder
,,Total under 65 years,15 to 24 years,25 to 34 years,,,35 to 44 years,,,45 to 54 years,,,55 to 64 years,,,Total 65 years and over,65 to 74 years,,,75 years and over,
,,,,Total,25 to 29 years,30 to 34 years,Total,35 to 39 years,40 to 44 years,Total,45 to 49 years,50 to 54 years,Total,55 to 59 years,60 to 64 years,,Total,65 to 69 years,70 to 74 years,,
....Total,"83,918","64,541","2,537","12,795","5,036","7,758","17,293","8,689","8,604","16,287","8,146","8,140","15,628","7,980","7,648","19,378","12,415","7,031","5,385","6,962",50.9
"Under $5,000","2,071","1,708",183,554,268,287,436,233,203,271,151,119,265,122,144,363,231,122,109,132,45.0
"$5,000 to $9,999","1,154",930,71,272,128,144,253,111,142,170,103,67,164,72,92,224,141,68,74,82,46.9
"$10,000 to $14,999","1,556","1,227",111,326,145,181,304,177,126,217,118,100,269,150,119,329,174,105,69,155,48.2
"$15,000 to $19,999","2,002","1,410",100,358,152,205,366,186,180,274,138,135,313,145,168,591,344,194,150,248,51.5
"$20,000 to $24,999","2,493","1,815",133,483,195,289,444,215,230,378,206,173,376,161,215,678,377,194,182,302,50.6
"$25,000 to $29,999","2,650","1,722",119,460,198,262,460,257,203,313,183,129,370,157,213,928,498,257,240,430,53.1
"$30,000 to $34,999","2,952","1,985",157,467,216,251,547,292,255,382,185,196,431,189,242,967,511,256,255,456,52.7
"$35,000 to $39,999","2,817","1,969",136,476,207,269,541,288,253,404,236,168,412,187,225,849,444,237,207,405,51.9
"$40,000 to $44,999","3,066","2,136",153,542,212,329,561,325,236,438,230,208,443,229,214,930,529,303,226,401,51.5
"$45,000 to $49,999","2,876","1,916",144,420,186,233,517,243,274,432,225,207,403,214,190,961,600,286,314,361,52.8
"$50,000 to $54,999","3,132","2,196",125,530,230,300,570,289,282,459,225,234,512,245,266,936,557,264,293,379,52.1
"$55,000 to $59,999","2,698","1,858",108,451,186,265,438,232,206,420,188,232,441,209,232,841,481,288,193,360,52.6
"$60,000 to $64,999","2,647","1,993",71,419,195,224,576,292,285,458,255,203,468,249,219,654,439,251,188,215,50.9
"$65,000 to $69,999","2,525","1,860",71,459,204,255,420,207,213,458,226,232,452,227,225,664,422,233,189,242,51.5
"$70,000 to $74,999","2,686","2,005",75,486,203,283,547,270,277,469,232,236,429,201,228,681,454,236,218,228,50.6
"$75,000 to $79,999","2,545","1,930",72,398,167,231,562,278,284,470,218,252,429,203,226,615,427,233,194,188,50.7
"$80,000 to $84,999","2,493","1,894",96,433,196,237,493,243,250,433,230,203,439,256,183,599,372,212,160,227,50.2
"$85,000 to $89,999","2,040","1,582",45,351,113,238,382,185,197,379,193,186,425,193,233,458,305,182,122,153,51.1
"$90,000 to $94,999","2,128","1,665",65,312,94,218,453,220,234,404,198,206,431,208,223,463,298,183,115,165,50.9
"$95,000 to $99,999","2,036","1,617",74,298,113,185,449,217,232,406,189,217,390,219,171,418,278,141,136,141,50.2
"$100,000 to $104,999","2,317","1,834",56,365,151,215,506,268,238,479,259,220,427,193,234,484,311,183,128,173,50.3
"$105,000 to $109,999","1,862","1,440",39,317,127,190,386,185,201,373,202,171,325,165,160,422,308,173,135,114,50.4
"$110,000 to $114,999","1,878","1,514",42,255,96,159,438,221,217,356,171,186,424,246,178,364,248,146,102,116,50.5
"$115,000 to $119,999","1,431","1,138",22,181,79,102,323,170,154,335,129,205,277,131,146,292,212,111,101,80,50.9
"$120,000 to $124,999","1,626","1,351",25,251,104,147,412,236,176,326,153,172,337,175,162,275,206,114,92,69,49.3
"$125,000 to $129,999","1,402","1,119",17,215,81,135,290,152,138,321,167,154,275,144,131,283,208,127,82,75,50.5
"$130,000 to $134,999","1,359","1,097",15,203,66,138,302,161,142,313,163,150,265,162,102,261,188,106,82,73,50.2
"$135,000 to $139,999","1,311","1,025",16,187,66,121,275,151,124,292,157,136,255,128,127,286,208,130,78,78,51.1
"$140,000 to $144,999","1,160",929,19,160,61,99,249,129,120,244,123,121,257,144,113,230,170,103,68,60,50.8
"$145,000 to $149,999","1,131",897,13,167,61,106,263,132,132,222,122,100,231,131,100,234,187,126,61,47,50.1
"$150,000 to $154,999","1,252","1,059",21,138,22,116,308,157,151,288,126,162,305,147,158,192,127,100,27,65,50.5
"$155,000 to $159,999",981,817,26,138,36,102,193,89,104,257,139,118,203,84,119,165,106,65,41,59,50.2
"$160,000 to $164,999","1,029",827,19,113,34,79,242,140,102,266,130,136,188,111,77,202,154,102,52,48,50.3
"$165,000 to $169,999",852,668,10,124,38,86,154,56,98,227,127,100,152,82,70,184,136,100,36,48,50.9
"$170,000 to $174,999",918,755,1,126,44,82,219,114,105,186,109,76,223,119,104,163,129,80,49,34,50.5
"$175,000 to $179,999",798,661,9,111,42,69,175,92,83,190,101,89,176,89,87,137,90,48,42,47,50.5
"$180,000 to $184,999",762,670,5,110,34,77,186,93,93,195,97,97,174,102,73,92,74,50,24,18,48.9
"$185,000 to $189,999",634,521,5,59,17,42,149,68,81,179,86,93,130,73,56,113,76,50,26,37,51.3
"$190,000 to $194,999",711,587,5,89,36,53,139,58,82,157,62,95,196,115,81,124,87,53,34,37,51.8
"$195,000 to $199,999",595,506,2,68,8,60,108,63,45,186,76,111,141,64,77,90,60,28,32,29,51.6
"$200,000 and over","11,343","9,707",62,922,228,694,"2,655","1,195","1,460","3,264","1,518","1,746","2,804","1,539","1,265","1,636","1,249",790,459,387,51.1
Median income (dollars),"84,008","90,356","48,439","71,785","64,994","76,718","92,242","90,519","94,217","105,393","102,069","109,185","99,279","103,882","94,203","68,067","75,092","79,760","70,081","56,970",(X)
..Standard error (dollars),603,606,"1,691",937,"1,909","1,395","1,025","1,762","1,798","1,479","1,460","2,418","1,571","2,201","1,894",983,967,"1,400","1,674","1,054",(X)
Mean income (dollars),"114,962","120,912","61,586","90,998","80,299","97,944","123,181","117,705","128,711","140,875","133,672","148,084","131,721","139,797","123,295","95,144","103,953","110,489","95,420","79,434",(X)
..Standard error (dollars),840,973,"1,814","1,302","2,083","1,781","1,520","1,982","2,455","2,090","2,448","2,891","1,803","2,793","2,298","1,171","1,575","2,221","2,229","1,646",(X)
Gini ratio,0.458,0.456,0.437,0.442,0.439,0.439,0.458,0.451,0.463,0.444,0.437,0.449,0.443,0.447,0.436,0.448,0.447,0.450,0.440,0.433,(X)
..Standard error,0.0028,0.0032,0.0102,0.0053,0.0094,0.0063,0.0047,0.0070,0.0072,0.0058,0.0071,0.0078,0.0057,0.0076,0.0072,0.0048,0.0056,0.0082,0.0084,0.0080,(X)
Income per family member,"36,767","36,218","20,206","28,016","26,276","29,040","32,351","31,099","33,601","40,923","37,383","44,751","46,512","47,283","45,631","39,283","41,998","44,312","38,924","34,134",(X)
..Standard error (dollars),291,306,647,421,763,585,449,607,698,616,680,894,686,980,920,539,695,935,963,751,(X)
Total people in families,"262,398","215,464","7,734","41,558","15,391","26,167","65,847","32,888","32,959","56,066","29,129","26,937","44,259","23,594","20,665","46,934","30,731","17,531","13,200","16,203",(X)
"FINC-02. Age of Reference Person by Total Money Income in 2022, Type of Family, Race and Hispanic Origin of Reference Person",,,,,,,,,,,,,,,,,,,,,
"Information on confidentiality protection, sampling error, nonsampling error, and definitions is available at <https://www2.census.gov/programs-surveys/cps/techdocs/cpsmar23.pdf>.",,,,,,,,,,,,,,,,,,,,,
"Source: U.S. Census Bureau, Current Population Survey, 2023 Annual Social and Economic Supplement (CPS ASEC).",,,,,,,,,,,,,,,,,,,,,
"(Numbers in thousands. Families as of March of the following year. A.O.I.C. stands for alone or in combination. Median income is calculated using $2,500 intervals.",,,,,,,,,,,,,,,,,,,,,
"The Gini index is calculated using micro-sorted data. Medians falling in the upper open-ended interval are plugged with ""$250,000"". Standard errors calculated using replicate weights)",,,,,,,,,,,,,,,,,,,,,
Primary Families,,,,,,,,,,,,,,,,,,,,,
All Races,,,,,,,,,,,,,,,,,,,,,
Characteristic,Total,Under 65 years,,,,,,,,,,,,,,65 years and over,,,,,Mean age of householder
,,Total under 65 years,15 to 24 years,25 to 34 years,,,35 to 44 years,,,45 to 54 years,,,55 to 64 years,,,Total 65 years and over,65 to 74 years,,,75 years and over,
,,,,Total,25 to 29 years,30 to 34 years,Total,35 to 39 years,40 to 44 years,Total,45 to 49 years,50 to 54 years,Total,55 to 59 years,60 to 64 years,,Total,65 to 69 years,70 to 74 years,,
....Total,"84,350","64,550","2,842","12,560","4,815","7,745","17,480","8,641","8,841","16,470","8,222","8,247","15,200","7,657","7,538","19,800","12,460","6,916","5,542","7,345",50.9
"Under $5,000","2,157","1,730",197,440,163,277,453,275,178,274,129,146,365,160,206,427,256,149,107,171,47.4
"$5,000 to $9,999",876,623,47,167,83,84,174,118,57,100,55,45,135,54,82,253,145,86,59,108,50.7
"$10,000 to $14,999","1,348","1,056",133,219,132,87,271,123,148,221,100,120,213,96,116,292,175,115,60,117,48.4
"$15,000 to $19,999","1,548","1,124",106,242,95,147,303,157,146,201,131,71,272,105,167,425,235,126,109,190,50.9
"$20,000 to $24,999","1,979","1,408",101,321,123,197,390,184,205,252,110,142,346,138,208,570,354,215,139,217,51.7
"$25,000 to $29,999","2,312","1,525",183,347,119,228,389,172,217,295,153,142,310,137,174,788,411,193,218,377,52.7
"$30,000 to $34,999","2,609","1,769",134,507,206,301,455,217,238,314,163,151,359,146,212,841,435,201,234,405,52.0
"$35,000 to $39,999","2,521","1,617",95,389,202,187,484,219,265,308,155,153,342,133,209,904,453,253,200,451,53.8
"$40,000 to $44,999","2,632","1,759",123,513,205,308,459,231,229,348,192,156,315,136,179,874,515,276,239,359,51.8
"$45,000 to $49,999","2,577","1,701",121,407,187,219,414,184,230,387,216,171,372,175,197,876,534,296,239,342,53.1
"$50,000 to $54,999","2,899","2,019",130,469,172,297,559,288,271,398,194,203,462,215,247,880,500,315,185,379,52.0
"$55,000 to $59,999","2,597","1,738",106,392,159,232,504,273,231,400,210,191,335,142,193,859,522,248,274,337,52.7
"$60,000 to $64,999","2,807","1,986",160,485,180,305,503,251,253,390,202,188,448,211,238,821,516,260,256,305,51.3
"$65,000 to $69,999","2,439","1,760",94,381,159,222,476,246,230,425,221,203,384,198,186,679,406,238,168,273,51.6
"$70,000 to $74,999","2,594","1,901",113,425,168,258,457,240,217,446,242,204,459,216,243,693,439,239,199,254,51.2
"$75,000 to $79,999","2,262","1,670",79,384,186,198,438,203,235,368,179,189,401,179,222,592,353,186,167,239,51.3
"$80,000 to $84,999","2,392","1,791",69,402,174,229,461,221,240,418,247,171,442,194,248,601,396,206,190,205,51.3
"$85,000 to $89,999","2,178","1,596",84,297,120,177,423,227,196,379,192,187,413,189,223,581,371,189,182,210,51.9
"$90,000 to $94,999","2,210","1,655",79,338,128,210,402,197,206,418,189,229,417,177,240,556,323,176,147,233,51.8
"$95,000 to $99,999","2,102","1,602",70,325,116,209,366,183,183,439,207,232,401,206,195,500,345,175,169,155,51.2
"$100,000 to $104,999","2,304","1,796",54,432,206,226,470,231,239,480,240,240,360,184,175,508,347,168,179,161,49.6
"$105,000 to $109,999","1,748","1,327",29,278,79,199,332,148,184,367,180,186,321,163,158,421,274,160,114,147,51.5
"$110,000 to $114,999","1,837","1,439",36,270,93,177,414,221,193,364,201,163,355,181,174,398,286,179,107,112,50.5
"$115,000 to $119,999","1,634","1,292",44,266,118,148,337,191,146,357,157,200,287,149,138,342,256,148,108,86,49.8
"$120,000 to $124,999","1,839","1,445",37,276,84,192,440,198,242,366,196,170,325,209,117,395,279,168,111,116,50.2
"$125,000 to $129,999","1,568","1,255",37,213,60,153,333,177,156,350,173,177,323,133,189,313,208,88,120,105,51.0
"$130,000 to $134,999","1,560","1,284",50,236,119,117,366,171,195,347,163,184,285,164,120,276,199,117,83,76,49.0
"$135,000 to $139,999","1,316","1,008",18,177,57,120,302,167,135,291,141,151,220,126,94,308,200,123,77,108,51.3
"$140,000 to $144,999","1,385","1,185",14,215,104,112,322,161,161,350,165,185,283,157,126,200,129,79,50,71,49.2
"$145,000 to $149,999","1,064",852,17,162,76,85,229,104,125,236,132,104,209,85,124,211,170,102,68,41,50.3
"$150,000 to $154,999","1,546","1,326",21,212,69,143,345,174,170,459,223,236,289,180,109,219,137,70,67,82,49.4
"$155,000 to $159,999","1,087",928,21,158,58,99,290,164,127,278,121,157,181,69,112,159,92,37,55,67,48.7
"$160,000 to $164,999","1,082",900,21,132,41,90,272,126,146,279,132,147,197,105,92,182,146,88,58,36,49.6
"$165,000 to $169,999",929,746,19,106,35,70,221,108,113,221,84,137,179,91,88,183,131,95,36,52,50.8
"$170,000 to $174,999",958,820,4,114,40,74,235,129,106,259,138,121,209,124,85,138,87,42,45,51,50.1
"$175,000 to $179,999",864,722,10,110,27,82,193,91,101,207,98,109,203,125,78,143,98,67,31,45,50.7
"$180,000 to $184,999",908,786,17,108,33,75,261,120,141,194,96,98,206,117,90,122,88,60,28,33,49.1
"$185,000 to $189,999",811,647,20,81,33,48,140,62,79,173,92,81,233,146,87,163,119,76,44,44,52.4
"$190,000 to $194,999",775,667,4,110,30,80,189,97,93,222,99,123,141,77,65,108,73,34,40,35,49.3
"$195,000 to $199,999",779,631,0,95,34,61,169,94,75,181,83,98,186,118,68,148,105,62,42,43,51.4
"$200,000 and over","13,320","11,460",143,"1,361",340,"1,021","3,239","1,500","1,739","3,706","1,822","1,884","3,014","1,748","1,266","1,856","1,349",811,539,507,50.2
Median income (dollars),"92,750","100,500","57,210","81,830","76,110","87,260","103,400","101,800","105,100","117,800","115,100","120,800","105,700","117,300","94,530","73,100","79,700","81,460","77,600","63,540",(X)
..Standard error (dollars),746,518,"2,321",967,"1,543","2,437","1,387","1,243","1,849","1,850","2,389","2,008","1,585","2,761","1,917",994,"1,488","1,756","1,992","1,260",(X)
Mean income (dollars),"126,500","135,000","74,400","108,600","95,670","116,700","137,800","133,700","141,800","154,900","155,500","154,300","143,300","153,100","133,300","98,880","106,600","108,900","103,800","85,750",(X)
..Standard error (dollars),806,972,"3,194","1,907","2,736","2,563","1,825","2,490","2,531","2,027","3,037","2,690","2,190","2,707","3,582","1,337","1,760","2,444","2,433","1,653",(X)
Gini ratio,0.458,0.458,0.473,0.451,0.432,0.457,0.457,0.454,0.460,0.437,0.450,0.424,0.454,0.434,0.472,0.436,0.436,0.437,0.433,0.426,(X)
..Standard error,0.0023,0.0026,0.0176,0.0069,0.0114,0.0088,0.0050,0.0078,0.0068,0.0048,0.0070,0.0068,0.0064,0.0073,0.0108,0.0045,0.0057,0.0073,0.0089,0.0076,(X)
Income per family member,"40,190","40,240","25,560","33,360","31,120","34,630","36,240","35,580","36,870","44,360","42,540","46,360","50,200","51,060","49,230","39,960","42,160","42,400","41,850","36,000",(X)
..Standard error (dollars),256,283,"1,152",657,"1,051",840,504,712,686,590,880,833,840,976,"1,394",557,733,992,"1,037",715,(X)
Total people in families,"265,500","216,500","8,274","40,910","14,810","26,100","66,480","32,470","34,010","57,500","30,050","27,450","43,370","22,950","20,420","49,000","31,510","17,770","13,740","17,500",(X)
